source_id,local_path,version_or_date,downloaded_at,sha256,status,notes
census_states,reference/cb_2024_us_state_500k.shp,2024,2026-07-17 18:55:52 UTC,52255f85f7260b9d1a508f9b36090c6cccb9285bcbbab49467d3915b2d6fa689,available,Acquired by scripts/01_acquire_boundaries.R
epa_ecoregions_l3,reference/us_eco_l3.shp,downloaded current release,2026-07-17 18:55:52 UTC,b7519b2cbd5a82d9641ed8e353bb5d3c1a0708acd8e9eb7059f1efd9744f778d,available,Acquired by scripts/01_acquire_boundaries.R
cdl_2012,raw/cdl/2012/2012_30m_cdls.zip,2012 30m,2026-07-20,89d4a30c41fa89fb284cb35e97d986a13104176fbbc3c2fcc606cb41897020bb,available,USDA NASS national CDL archive; extracted raster audited
cdl_2013,raw/cdl/2013/2013_30m_cdls.zip,2013 30m,2026-07-20,19fbc9563945057bb7e1906a273aec0c87852e6d78267ffe71ea904e0f8d9014,available,USDA NASS national CDL archive; extracted raster audited
cdl_2014,raw/cdl/2014/2014_30m_cdls.zip,2014 30m,2026-07-20,07ee7bad039382f0506c1f3ea1e0802f4582f0e1c10b51d8b0994d5a2b726825,available,USDA NASS national CDL archive; extracted raster audited
cdl_2015,raw/cdl/2015/2015_30m_cdls.zip,2015 30m,2026-07-20,ff4d01be84764b9efee316fcd65f671d244bd908e91fedba7d82d0a72e4b8f4e,available,USDA NASS national CDL archive; extracted raster audited
cdl_2016,raw/cdl/2016/2016_30m_cdls.zip,2016 30m,2026-07-20,85f2e2bd5a912d9a6939e8107d4d0140ebe2b41013e6b32d3e42a2fb5427e478,available,USDA NASS national CDL archive; extracted raster audited
cdl_2017,raw/cdl/2017/2017_30m_cdls.zip,2017 30m,2026-07-20,ad1a029ded004f53520d4a6b7d2994267d8bbd5e9dc000f730e8152a37125ce5,available,USDA NASS national CDL archive; extracted raster audited
cdl_2018,raw/cdl/2018/2018_30m_cdls.zip,2018 30m,2026-07-20,06fe3490743f842d7299bad54e33b18d5e2e632e0217f06bf14aa92e892fbc32,available,USDA NASS national CDL archive; extracted raster audited
cdl_2019,raw/cdl/2019/2019_30m_cdls.zip,2019 30m,2026-07-20,f9ed397cb3535865039c4bcdd08d78960644349f4b67afeb3a64b62810152bd8,available,USDA NASS national CDL archive; extracted raster audited
cdl_2020,raw/cdl/2020/2020_30m_cdls.zip,2020 30m,2026-07-20,f09b918a65a8401897f9b47794d627ff2039750306e82d0e269f54f222b9dec1,available,USDA NASS national CDL archive; extracted raster audited
cdl_2021,raw/cdl/2021/2021_30m_cdls.zip,2021 30m,2026-07-20,a16b19bc78ed0ab4c79d7761e46f866921460d0047f6832e7da55a4696bb6a78,available,USDA NASS national CDL archive; extracted raster audited
cdl_2022,raw/cdl/2022/2022_30m_cdls.zip,2022 30m,2026-07-20,996a73aeb09a68218e5e132dea0eb59bd53006ae85e42ccdf50cc366513c1358,available,USDA NASS national CDL archive; extracted raster audited
cdl_2023,raw/cdl/2023/2023_30m_cdls.zip,2023 30m,2026-07-20,d135d649e79a98d2e365877e335bdc9760436dfb9e42524d5ce6f58bfd7ca66f,available,USDA NASS national CDL archive; extracted raster audited
cdl_2024,raw/cdl/2024/2024_10m_cdls.zip,2024 10m,2026-07-20,c9ce6d7a28cee6896a7d0aed308ecb007c9331e640504dff0081663ceea55993,available,USDA NASS national CDL archive; extracted raster audited
mtbs_texas_perimeters_2022_2024,raw/validation/mtbs/mtbs_texas_2022_2024.geojson,live service retrieved 2026-08-03,2026-08-03 18:40:30 UTC,734e21dfd1380cf7c3235f45d7cb519ae64a43b8206a0a84cca333d1291288f4,available,Official MTBS/USFS burned-area boundaries ArcGIS item 847db1a51b0c4bb0a3663bcbce32ccb1; Texas bbox query
landsat_c2l2_sr_texas_validation_catalog,raw/validation/landsat/landsat_c2l2_sr_texas_20211104_20250213.geojson,2021-11-04 through 2025-02-13,2026-08-03 19:04:19 UTC,62c6189689fb1f686bc0a5fe5f18a3a684bbd18262a7e0b66bf0de0b3ff6a93c,available,USGS LandsatLook STAC landsat-c2l2-sr compact metadata; Texas bbox; Tier 1 selection performed downstream
sentinel2_l2a_validation_gap_catalog,raw/validation/sentinel/sentinel2_l2a_validation_gap_catalog_2022_2024.csv,targeted gaps for 2022-2024 validation sample,2026-08-03 19:04:20 UTC,fb7df4598371ccff1682b5dfb2956bed55f577c9a8285fd987e8a884983b662b,available,Copernicus Data Space Ecosystem STAC sentinel-2-l2a compact metadata; queried only for Landsat pre/post gaps
aqs_pm25_2012,raw/air_quality/aqs/daily_88101_2012.csv,2012,2026-08-17 17:49:44 UTC,3b98416737f4e84d31e2c3f4e1a412b5fcc303e84ea4dfe2b77a9c4f5d3810b1,available,EPA AQS parameter 88101 daily file
aqs_pm25_2013,raw/air_quality/aqs/daily_88101_2013.csv,2013,2026-08-17 17:49:44 UTC,99e6a03748f74aaa0443f901446d9b987fc7d8216efabaf1f0257106c5e7a47d,available,EPA AQS parameter 88101 daily file
aqs_pm25_2014,raw/air_quality/aqs/daily_88101_2014.csv,2014,2026-08-17 17:49:44 UTC,665d0ecd4b45597d5151b2b8d94776e46e060fe8f7d41afa6ad1b49d8292ba05,available,EPA AQS parameter 88101 daily file
aqs_pm25_2015,raw/air_quality/aqs/daily_88101_2015.csv,2015,2026-08-17 17:49:44 UTC,dc5271c8f6aa761b88374b45038c04028045142040ba47c41a863907bb767527,available,EPA AQS parameter 88101 daily file
aqs_pm25_2016,raw/air_quality/aqs/daily_88101_2016.csv,2016,2026-08-17 17:49:44 UTC,28fb0bede4bb87df762a2dda61c837e23d052caaf1cdf314e71b239b6b94f5f3,available,EPA AQS parameter 88101 daily file
aqs_pm25_2017,raw/air_quality/aqs/daily_88101_2017.csv,2017,2026-08-17 17:49:44 UTC,0944d3be2501d7c70019b9db63a5ee5c9e4bdf5b4486dd80f995951a58ec9776,available,EPA AQS parameter 88101 daily file
aqs_pm25_2018,raw/air_quality/aqs/daily_88101_2018.csv,2018,2026-08-17 17:49:44 UTC,e764c1175ec19b86d2f09e6da28299ac0ccf2894d2042b86134e3ee833117f18,available,EPA AQS parameter 88101 daily file
aqs_pm25_2019,raw/air_quality/aqs/daily_88101_2019.csv,2019,2026-08-17 17:49:44 UTC,44fc8f23d9f7b4ce7bce059db65266b3ef6f17851302d91904aa8dc857f95e3e,available,EPA AQS parameter 88101 daily file
aqs_pm25_2020,raw/air_quality/aqs/daily_88101_2020.csv,2020,2026-08-17 17:49:44 UTC,3e156cb5c1b693cea059f5db3978e28bd01601d7a740b939b6eeb88bf6b31f6a,available,EPA AQS parameter 88101 daily file
aqs_pm25_2021,raw/air_quality/aqs/daily_88101_2021.csv,2021,2026-08-17 17:49:44 UTC,c1fcfc35143800580e54880eb77e7408529512841b322bf71b97eb4fc1e23513,available,EPA AQS parameter 88101 daily file
aqs_pm25_2022,raw/air_quality/aqs/daily_88101_2022.csv,2022,2026-08-17 17:49:44 UTC,5500d0f25f34b7807a172ddf79240f9f227ce893585dd16eef6c139d138875c4,available,EPA AQS parameter 88101 daily file
aqs_pm25_2023,raw/air_quality/aqs/daily_88101_2023.csv,2023,2026-08-17 17:49:44 UTC,26356e9f4d71b42503f7e60627686fb22712e249b7e5cffb70962757fd0d9838,available,EPA AQS parameter 88101 daily file
aqs_pm25_2024,raw/air_quality/aqs/daily_88101_2024.csv,2024,2026-08-17 17:49:44 UTC,9d884736a85d93156f3648442018d963e481c98b4c3e8b0bff9ee5ef91bbfe30,available,EPA AQS parameter 88101 daily file
nasa_power_daily_monitor_cells_2012_2024,interim/texas_monitor_day_meteorology.csv.gz,POWER API v2 daily UTC; retrieved 2026-08-17,2026-08-17 18:12:34 UTC,426478802b4e2ebdfcd578c81b44b981989f4b7c7c286ddd7770f6f361e26c6e,available,NASA POWER/MERRA-2 T2M RH2M WS10M WD10M for 37 Texas monitor grid cells
noaa_hms_smoke_monitor_days_2012_2024,interim/texas_monitor_day_hms_smoke.csv.gz,NOAA annual bundles 2012-2024; retrieved 2026-08-17,2026-08-17 18:13:00 UTC,5ad5adc4ce7372de413cccb2e6e4a89b9dec89121182dc2a317caeaca9edcb9d,available,NOAA/NESDIS HMS smoke-polygon intersections at Texas AQS monitors
census_texas_counties_2024,reference/census_counties_2024/cb_2024_us_county_500k.shp,2024 cartographic boundary,2026-08-17 21:27:16 UTC,6c169dbab41ac972a4fb4e8130a8ebdc89294b5f8ab24c12fcba7486396bb910,available,US Census Bureau county polygons used for monitor assignment
noaa_storm_events_dust_2012_2024,derived/texas_noaa_dust_event_days.csv,annual bundles 2012-2024; retrieved 2026-08-17,2026-08-17 21:27:16 UTC,2fb824b345c5b7c696ee0304777bb9539446961110514036d96e975468eb73ba,available,Texas dust storm and dust devil days derived from NOAA NCEI Storm Events
epa_tri_texas_facilities_current,raw/industrial/epa_tri/texas_tri_facilities_current.json,Envirofacts live service; retrieved 2026-08-17,2026-08-17 21:27:16 UTC,63386339a4c6afd62d71b07ce4455bf66a12833e5ecffd9ee4be880d61e8dbb3,available,Current geocoded Texas TRI facilities used only for fixed proximity context
cdc_atsdr_svi_texas_2022,raw/social/cdc_svi/Texas_SVI_2022.csv,2022 SVI corrected release,2026-08-17 21:27:44 UTC,e6255bb896298afcbb4121eb1301be0c63df8de0efc0986189402db4d5bea22a,available,Texas tract-level CDC/ATSDR SVI; county summaries are study-derived population-weighted aggregates
noaa_gsod_station_validation_2022_2024,derived/power_gsod_daily_comparison.csv.gz,NOAA GSOD 2022-2024; retrieved 2026-08-17,2026-08-17 21:27:55 UTC,86533c465af72840eb891540e6d7106c7ce83182e5e77b18a4bca01401d748e8,available,Nearest active NOAA daily station within 100 km of each Texas AQS PM2.5 monitor
dallas_aqmesh_hourly_arcgis,raw/dallas_aqmesh_hourly/download_manifest.csv,2023-03-03 UTC through 2026-10-08 14:00:00 UTC,2026-10-08 15:58:01 UTC,22f4603a5c471e76e1f554be2f8e70f505b7e7cf562ef02e8564448d08b81f38,available,Public City of Dallas AQMesh hourly ArcGIS archive acquired by scripts/08f_acquire_dallas_aqmesh_hourly.R; https://services2.arcgis.com/rwnOSbfKSwyTBcwN/arcgis/rest/services/AqmeshHrlyDataWLoc/FeatureServer/0
dallas_aqmesh_station_arcgis,raw/dallas_aqmesh_hourly/station_snapshot.json,2026-10-08 15:58:01 UTC,2026-10-08 15:58:01 UTC,714e02414f570117f2c60391128c2e09d19b1fec7b68552099ca22f5ef8826e7,available,Public City of Dallas AQMesh station layer acquired by scripts/08f_acquire_dallas_aqmesh_hourly.R; https://services2.arcgis.com/rwnOSbfKSwyTBcwN/arcgis/rest/services/AQ_Mesh_Air_Monitor_Stations/FeatureServer/0
